{
    "0": {
        "Topic_Num": 0.0,
        "Topic_Perc_Contrib": 0.92330002784729,
        "Review_Keywords": "sound, work, bluetooth, headset, price, camera, excel, android, best, batteri",
        "Original review": "['love', 'star', 'great', 'phone', 'motorola', 'stand', 'star', 'best', 'budget', 'phone', 'better', 'deal', 'nexus', 'star', 'star', 'couldn', 'happier', 'fair', 'price', 'phone', 'need', 'spend', 'money', 'phone', 'need', 'star', 'nice', 'product', 'satisfi', 'lack', 'storag', 'space', 'issu', 'newer', 'card', 'incompat', 'outstand', 'phone', 'like', 'star', 'star', 'phone', 'make', 'excel', 'phone', 'great', 'price', 'qualiti', 'moto', 'purchas', 'love', 'moto', 'outstand', 'phone', 'star', 'star', 'awesom', 'phone', 'great', 'valu', 'great', 'phone', 'play', 'cool', 'phone', 'moto', 'deliv', 'star', 'good', 'paper', 'real', 'life', 'differ', 'breakfast', 'star', 'phone', 'comfort', 'hand', 'nice', 'long', 'motorola', 'keep', 'updat', 'softwar', 'star', 'nice', 'phone', 'great', 'phone', 'easi', 'root', 'soni', 'xperia', 'better', 'valu', 'lower', 'price', 'star', 'phone', 'recommend', 'desktop', 'wasn', 'power', 'great', 'phone', 'qualiti', 'screen', 'star', 'great', 'phone', 'better', 'option', 'horribl', 'phone', 'check', 'option', 'larg', 'display', 'great', 'camera', 'smooth', 'respons', 'perfect', 'great', 'bang', 'buck', 'disappoint', 'great', 'unlock', 'phone', 'depend', 'phone', 'star', 'excel', 'qualiti', 'build', 'phone', 'star', 'excel', 'phone', 'miss', 'componn', 'worth', 'price', 'star', 'nice', 'phone', 'moto', 'ultim', 'budget', 'phone', 'world', 'best', 'smart', 'phone', 'price', 'great', 'phone', 'star', 'great', 'phone', 'excel', 'superb', 'phone', 'watchout', 'iphon', 'gig', 'great', 'camera', 'great', 'screen', 'great', 'star', 'moto', 'add', 'household', 'moto', 'star', 'star', 'buck', 'phone', 'phablet', 'best', 'star', 'great', 'phone', 'price', 'memori', 'best', 'budget', 'phone', 'bewar', 'motorola', 'build', 'obsolesc', 'strategi', 'phone', 'begin', 'malfunct', 'month', 'star', 'great', 'phone', 'speaker', 'awesom', 'star', 'best', 'phone', 'period', 'better', 'expect', 'nice', 'product', 'excel', 'phone', 'price', 'great', 'phone', 'year', 'thing', 'miss', 'stereo', 'speaker', 'star', 'perform', 'excel', 'waterproof', 'great', 'reliabl', 'phone', 'money', 'spend', 'excel', 'phone', 'star', 'pleasant', 'supris', 'star', 'star', 'great', 'smartphon', 'song', 'star', 'nice', 'price', 'bewar', 'easi', 'damag', 'waterproof', 'earpiec', 'cover', 'word', 'great', 'smartphon', 'star', 'best', 'budget', 'phone', 'star', 'need', 'great', 'phone', 'fantast', 'price', 'right', 'simpl', 'pleasant', 'upgrad', 'previous', 'generat', 'star', 'model', 'peppi', 'phone', 'great', 'camera', 'detail', 'review', 'except', 'phone', 'star', 'star', 'descent', 'phone', 'notif', 'star', 'good', 'great', 'phone', 'price', 'excel', 'phone', 'unlock', 'southamerica', 'buy', 'great', 'android', 'smartphon', 'great', 'product', 'great', 'brand', 'moto', 'generat', 'version', 'great', 'purchas', 'gyroscop', 'pretti', 'good', 'phone', 'star', 'amaz', 'android', 'phone', 'price', 'make', 'brainer', 'great', 'batteri', 'life', 'good', 'function', 'excel', 'price', 'moto', 'like', 'switch', 'provid', 'decid', 'purchas', 'great', 'devic', 'great', 'support', 'best', 'android', 'phone', 'good', 'buget', 'phone', 'phone', 'good', 'mayb', 'month', 'star', 'star', 'perfect', 'averag', 'user', 'googl', 'work', 'best', 'budget', 'smartphon', 'hard', 'believ', 'good', 'phone', 'littl', 'money', 'decent', 'phone', 'batteri', 'life', 'great', 'damag', 'card', 'star', 'great', 'valu', 'famili', 'star', 'great', 'phone', 'great', 'price', 'star', 'subsidi', 'parti', 'phone', 'good', 'afford', 'altern', 'flagship', 'star', 'great', 'phone', 'origin', 'buy', 'upgrad', 'adequ', 'casual', 'smartphon', 'user', 'great', 'design', 'star', 'star', 'unanswer', 'phone', 'blame', 'patent', 'lawyer', 'great', 'phone', 'price', 'star', 'avoid', 'motorola', 'moto', 'unreli', 'phone', 'exist', 'support', 'great', 'phone', 'instead', 'excel', 'smartphon', 'fast', 'photo', 'good', 'qualiti', 'love', 'excel', 'product', 'excel', 'price', 'best', 'class', 'build', 'phone', 'unbeat', 'price', 'star', 'star', 'star', 'strong', 'recommend', 'star', 'star', 'awesom', 'phone', 'budget', 'second', 'time', 'charm', 'star', 'best', 'class', 'great', 'phone', 'buy', 'phone', 'verizon', 'sprint', 'motorola', 'moto', 'star', 'high', 'recommend', 'phone', 'need', 'great', 'phone', 'budget', 'delic', 'phone', 'recommend', 'relat', 'smooth', 'incred', 'slow', 'updat', 'choos', 'version', 'figur', 'extra', 'help', 'thing', 'smooth', 'hasn', 'disappoint', 'nano', 'good', 'price', 'good', 'complaint', 'whatsoev', 'featur', 'handi', 'camera', 'deliv', 'great', 'color', 'wife', 'happi', 'good', 'great', 'phone', 'love', 'iphon', 'phone', 'star', 'super', 'moto', 'star', 'star', 'eleg', 'featur', 'mar', 'persist', 'bug', 'poor', 'develop', 'choic', 'star', 'star', 'great', 'color', 'great', 'phone', 'card', 'slot', 'defect', 'great', 'deal', 'money', 'best', 'budget', 'phone', 'price', 'star', 'love', 'star', 'star', 'high', 'qualiti', 'price', 'phone', 'pictur', 'take', 'beauti', 'tell', 'nice', 'phone', 'excel', 'qualiti', 'featur', 'like', 'water', 'resist', 'star', 'like', 'receiv', 'equip', 'open', 'star', 'great', 'phone', 'nice', 'price', 'star', 'star', 'phone', 'best', 'market', 'laggi', 'buggi', 'fantast', 'valu']"
    },
    "1": {
        "Topic_Num": 1.0,
        "Topic_Perc_Contrib": 0.9208999872207642,
        "Review_Keywords": "protect, look, band, nice, fit, feel, like, love, slim, color",
        "Original review": "['spigen', 'note', 'year', 'case', 'fantast', 'tough', 'light', 'provid', 'terrif', 'protect', 'case', 'note', 'differ', 'note', 'provid', 'protect', 'wouldn', 'awesom', 'protect', 'protect', 'phone', 'nice', 'like', 'look', 'great', 'materi', 'cheap', 'warn', 'kickstand', 'better', 'great', 'phone', 'great', 'protect', 'great', 'case', 'protect', 'good', 'price', 'case', 'nice', 'look', 'expect', 'star', 'star', 'star', 'great', 'case', 'star', 'great', 'product', 'work', 'verizon', 'version', 'phone', 'perfect', 'style', 'look', 'great', 'slipperi', 'smooth', 'star', 'purchas', 'case', 'note', 'love', 'add', 'style', 'protect', 'pretti', 'good', 'good', 'pros', 'thing', 'like', 'provid', 'adequ', 'protect', 'form', 'fititng', 'packag', 'build', 'kickstand', 'great', 'case', 'worth', 'cent', 'great', 'product', 'happi', 'case', 'strong', 'sturdi', 'star', 'button', 'hard', 'premium', 'case', 'premium', 'phone', 'star', 'excel', 'bulk', 'weight', 'nice', 'complaint', 'perfect', 'case', 'worth', 'penni', 'fair', 'valu', 'good', 'case', 'star', 'great', 'case', 'star', 'good', 'good', 'case', 'cutout', 'accur', 'pretti', 'good', 'nice', 'case', 'high', 'recommend', 'case', 'problem', 'wrong', 'spigen', 'spigen', 'case', 'good', 'exampl', 'star', 'star', 'star', 'good', 'rug', 'case', 'nice', 'color', 'reattach', 'kickstand', 'open', 'good', 'case', 'drop', 'phone', 'damag', 'buy', 'love', 'love', 'case', 'love', 'tough', 'case', 'star', 'great', 'phone', 'case', 'love', 'case', 'recommend', 'satisfi', 'good', 'protect', 'kick', 'stand', 'need', 'work', 'good', 'protect', 'need', 'design', 'star', 'star', 'great', 'case', 'price', 'suit', 'armour', 'small', 'weak', 'star', 'like', 'feel', 'case', 'work', 'great', 'phone', 'surviv', 'drop', 'star', 'star', 'star', 'spegin', 'star', 'fit', 'pocket', 'best', 'choic', 'case', 'provid', 'protect', 'allow', 'access', 'phone', 'port', 'star', 'build', 'case', 'love', 'case', 'star', 'case', 'feel', 'great', 'work', 'month', 'kickstand', 'suck', 'love', 'item', 'simpli', 'love', 'great', 'case', 'reason', 'price', 'overal', 'good', 'product', 'kick', 'stand', 'protect', 'precious', 'star', 'note', 'case', 'felt', 'love', 'secur', 'put', 'phone', 'star', 'great', 'case', 'wast', 'money', 'star', 'awesom', 'note', 'case', 'star', 'star', 'close', 'perfect', 'flaw', 'good', 'product', 'kickstand', 'sturdi', 'stand', 'easili', 'excel', 'protect', 'kickstand', 'great', 'piec', 'case', 'protect', 'note', 'beauti', 'shabbi', 'star', 'protect', 'design', 'better', 'star', 'case', 'spigen', 'tough', 'armor', 'kick', 'stand', 'gunmet', 'extrem', 'protect', 'rug', 'slim', 'dual', 'layer', 'kick', 'stand', 'case', 'galaxi', 'note', 'star', 'good', 'case', 'look', 'good', 'poor', 'qualiti', 'star', 'look', 'great', 'poor', 'build', 'qualiti', 'protect', 'pussi', 'flake', 'surfac', 'smooth', 'look', 'like', 'handl', 'multipl', 'drop', 'great', 'good', 'protect', 'scratch', 'chamfer', 'edg', 'great', 'great', 'case', 'good', 'spigen', 'nice', 'case', 'fit', 'perfect', 'star', 'solid', 'case', 'nice', 'build', 'qualiti', 'drop', 'confid', 'good', 'look', 'case', 'nice', 'design', 'love', 'kickstand', 'sleek', 'protect', 'bulk', 'monster', 'case', 'great', 'get', 'love', 'case', 'stand', 'view', 'angl', 'heart', 'rate', 'error', 'like', 'case', 'overal', 'slim', 'protect', 'great', 'qualiti', 'price', 'edg', 'good', 'choic', 'minor', 'cosmet', 'issu', 'cool', 'star', 'great', 'case', 'price', 'fool', 'scratch', 'metal', 'edg', 'case', 'great', 'modern', 'look', 'protect', 'need', 'great', 'work', 'fine', 'kickstand', 'pretti', 'flimsi', 'reli', 'second', 'favorit', 'case', 'star', 'good', 'rug', 'like', 'design', 'case', 'star', 'easi', 'brake', 'great', 'case', 'love', 'feel', 'great', 'hand', 'case', 'stand', 'break', 'quick', 'case', 'better', 'star', 'super', 'strong', 'case', 'qualiti', 'case', 'awesom', 'case', 'case', 'kick', 'stand', 'worri', 'great', 'case', 'star', 'star', 'spigen', 'good', 'case', 'darn', 'work', 'great', 'qualiti', 'trust', 'star', 'color', 'like', 'review', 'good', 'great', 'pretti', 'dang', 'good', 'star', 'great', 'purchas', 'high', 'recommend', 'star', 'great', 'case', 'qualiti', 'recommend', 'star', 'star', 'star', 'slim', 'armor', 'case', 'spigen', 'good', 'case', 'tough', 'star', 'great', 'case', 'decent', 'excel', 'case', 'great', 'look', 'word', 'best', 'case', 'spigen', 'case', 'good', 'great', 'case', 'like', 'spigen', 'case', 'awesom', 'picki', 'satisfi', 'best', 'button', 'control', 'great', 'product', 'star', 'great', 'phone', 'protector', 'best', 'case', 'own', 'own', 'star', 'great', 'look', 'consid', 'averag', 'human', 'hand', 'star', 'overal', 'nice', 'case', 'cost', 'star', 'awesom', 'sens', 'smooth', 'grip', 'like', 'write', 'short', 'review', 'bulki', 'slick', 'hold', 'instead', 'great', 'item', 'worth', 'look', 'great', 'product', 'weekend', 'case', 'bulki', 'like', 'case', 'bulk', 'help', 'excel', 'star', 'star', 'nice', 'case', 'good', 'price', 'cheap', 'product', 'nonexist', 'custom', 'servic', 'spigen', 'love', 'definit', 'tough', 'qualiti', 'star', 'great', 'protect', 'overal', 'good', 'phone', 'case', 'offer', 'good', 'protect', 'star', 'great', 'get', 'button', 'great', 'product', 'expect', 'good', 'choic', 'great', 'case', 'price', 'right', 'nice', 'terribl', 'case', 'case', 'better', 'cover', 'fit', 'like', 'glove', 'decent', 'star', 'love', 'case', 'like', 'case', 'receiv', 'star', 'good', 'need', 'guess', 'order', 'case', 'star', 'great', 'case', 'amaz', 'perfect', 'note', 'spigen', 'rise', 'silicon', 'fit', 'like', 'glove', 'solid', 'shell', 'piec', 'fit', 'great', 'star', 'look', 'tuff', 'sleek', 'awesom', 'case', 'thank', 'star', 'like', 'spigen', 'case', 'iphon', 'star', 'star', 'kickstand', 'great', 'work', 'long', 'husband', 'buy', 'phone', 'great', 'case', 'kickstand', 'work', 'cool', 'nice', 'feel', 'like', 'second', 'skin', 'like', 'good', 'case', 'tight', 'kickstand', 'slot', 'star', 'star', 'nice', 'sure', 'screen', 'protector', 'reach', 'case', 'star', 'star', 'good', 'protect', 'super', 'price', 'compar', 'competitor', 'good', 'product', 'stand', 'wasn', 'think', 'sure', 'fine', 'like', 'kickstand', 'nice', 'featur', 'okay', 'case', 'come', 'otterbox', 'defend', 'star', 'make', 'huge', 'phone', 'harder', 'star', 'improv', 'excel', 'qualiti', 'pleas', 'great', 'case', 'note', 'case', 'kickstand', 'flimsi', 'look', 'great', 'best', 'case', 'own', 'date', 'great', 'price', 'product', 'star', 'strong', 'good', 'look', 'case', 'qualiti', 'good', 'metal', 'armor', 'make', 'phone', 'slipperi', 'overal', 'good', 'case', 'coupl', 'drawback', 'star', 'worri', 'slide', 'easili', 'like', 'rubber', 'plastic', 'shock', 'star', 'look', 'feel', 'great', 'function', 'overal', 'expect']"
    },
    "2": {
        "Topic_Num": 2.0,
        "Topic_Perc_Contrib": 0.6514000296592712,
        "Review_Keywords": "fitbit, poetic, turbo, carbon, ringk, fiber, kitchen, latch, elago, blah",
        "Original review": "['counterfeit', 'case', 'serial', 'code', 'counterfeit', 'case', 'serial', 'code', 'star', 'star', 'cute', 'good', 'case']"
    },
    "3": {
        "Topic_Num": 3.0,
        "Topic_Perc_Contrib": 0.9078999757766724,
        "Review_Keywords": "card, wallet, mount, magnet, hold, clip, holder, holster, belt, work",
        "Original review": "['mount', 'month', 'haven', 'problem', 'solid', 'design', 'allow', 'quick', 'adjust', 'phone', 'view', 'angl', 'open', 'close', 'easili', 'adjust', 'today', 'phone', 'mount', 'windshield', 'easi', 'hold', 'place', 'firm', 'like', 'solid', 'feel', 'doesnt', 'long', 'slope', 'windshield', 'thing', 'improv', 'offer', 'longer', 'length', 'short', 'stem', 'reach', 'mount', 'access', 'phone', 'addit', 'think', 'manufactur', 'work', 'packag', 'sustain', 'recommend', 'product', 'base', 'finish', 'durabl', 'price', 'provid', 'sampl', 'test', 'review', 'solidili', 'place', 'star', 'recommend', 'item', 'great', 'product', 'certain', 'car', 'star', 'sturdi', 'nice', 'nice', 'price', 'nice', 'product', 'star', 'product', 'sturdi', 'flexibl', 'easi', 'step', 'junk', 'real', 'custom', 'perfect', 'clamp', 'prone', 'failur', 'garbag', 'look', 'great', 'pictur', 'defect', 'disappoint', 'work', 'great', 'larg', 'extend', 'batteri', 'great', 'item', 'great', 'deal', 'regret', 'love', 'star', 'outstand', 'devic', 'star', 'break', 'week', 'purchas', 'star', 'like', 'product', 'star', 'edit', 'review', 'poor', 'mechan', 'strength', 'ratchet', 'mechan', 'give', 'week', 'toss', 'trash', 'better', 'smaller', 'phone']"
    },
    "4": {
        "Topic_Num": 4.0,
        "Topic_Perc_Contrib": 0.8892999887466431,
        "Review_Keywords": "love, cute, nice, color, perfect, look, protect, fit, pretti, price",
        "Original review": "['order', 'wife', 'gift', 'look', 'rat', 'give', 'tell', 'like', 'special', 'littl', 'comment', 'tell', 'word', 'need', 'stupid', 'cool', 'clip', 'break', 'look', 'good', 'bulki', 'comfort', 'good', 'case', 'cheap', 'plastic', 'star', 'nice', 'case', 'work', 'stand', 'good', 'nice', 'iphon', 'case', 'color', 'amaz', 'good', 'great', 'awesom', 'gift', 'great', 'kickstand', 'case', 'bulki', 'sturdi', 'nice', 'nice', 'tough', 'great', 'love', 'star', 'star', 'horribl', 'pictur', 'flash', 'cover', 'love', 'cheap', 'iphon', 'case', 'armor', 'kickstand', 'white', 'skin', 'black', 'rubber', 'case', 'plastic', 'cheap', 'bulki', 'good', 'price', 'great', 'neic', 'sturdi', 'bulki', 'star', 'pretti', 'cool', 'steal', 'love', 'break', 'arriv', 'exact', 'order', 'star', 'sturdi', 'bulki', 'husband', 'fit', 'phone', 'give', 'good', 'protect', 'year', 'hold', 'good', 'star', 'didnt', 'care', 'nice', 'cover', 'good', 'case', 'break', 'easili', 'case', 'cute', 'great', 'excel', 'case', 'star', 'love', 'star', 'star', 'best', 'phone', 'case', 'love', 'case', 'absolut', 'love', 'iphon', 'case', 'stand', 'satisfi', 'good', 'product', 'everyday', 'chang']"
    },
    "5": {
        "Topic_Num": 5.0,
        "Topic_Perc_Contrib": 0.9214000105857848,
        "Review_Keywords": "charg, charger, cabl, work, batteri, power, cord, fast, devic, product",
        "Original review": "['updat', 'issu', 'registr', 'websit', 'correct', 'add', 'star', 'happi', 'product', 'charg', 'devic', 'expect', 'month', 'extend', 'warranti', 'card', 'month', 'go', 'websit', 'fill', 'warranti', 'dialog', 'email', 'state', 'thank', 'regist', 'product', 'apolog', 'error', 'unabl', 'proceed', 'product', 'registr', 'order', 'number', 'record', 'product', 'warranti', 'extend', 'automat', 'websit', 'login', 'websit', 'thing', 'devic', 'show', 'seller', 'order', 'number', 'registr', 'process', 'say', 'flat', 'confus', 'actual', 'status', 'extend', 'warranti', 'star', 'test', 'great', 'negat', 'product', 'pretti', 'solid', 'charg', 'unit', 'right', 'attach', 'oneplus', 'allow', 'phone', 'batteri', 'hour', 'time', 'phone', 'charg', 'guess', 'charg', 'have', 'charg', 'ravpow', 'plan', 'flight', 'asian', 'region', 'soon', 'real', 'test', 'star', 'issu', 'registr', 'process', 'extend', 'warranti', 'product', 'resolv', 'star', 'actual', 'wrong', 'product', 'damn', 'ridicul', 'registr', 'process', 'excel', 'seller', 'refurbish', 'item', 'actual', 'packag', 'unopen', 'hate', 'extrem', 'disappoint', 'warranti', 'servic', 'delay', 'star', 'star', 'good', 'qualiti', 'good', 'price', 'love', 'star', 'super', 'fast', 'charg', 'portabl', 'charger', 'work', 'great', 'abl', 'charg', 'cell', 'phone', 'star', 'great', 'charger', 'outsid', 'purchas', 'great', 'conveni', 'worth', 'price', 'power', 'high', 'recommend', 'haven', 'get', 'readi', 'promis', 'keep', 'love', 'star', 'test', 'result', 'great', 'product', 'great', 'product', 'final', 'portabl', 'charger', 'work', 'star', 'star', 'star', 'star', 'work', 'great', 'excel', 'choic', 'perfect', 'camp', 'purs', 'suppli', 'micro', 'carri', 'great', 'product', 'awesom', 'power', 'charg', 'iphon', 'plus', 'error', 'phone', 'like', 'goal', 'zero', 'heavi', 'great', 'charger', 'work', 'great', 'great', 'recharg', 'kid', 'tablet', 'trip', 'come', 'group', 'star', 'purchas', 'august', 'open', 'great', 'machin', 'star', 'great', 'product', 'awesom', 'star', 'minor', 'annoy', 'easi', 'deal', 'best', 'charger', 'amaz', 'last', 'forev', 'charg', 'extrem', 'quick', 'great', 'great', 'portabl', 'power', 'star', 'awesom', 'strong', 'nice', 'batteri', 'perfect', 'capac', 'heavi', 'user', 'work', 'great', 'think', 'great', 'present', 'deploy', 'say', 'use', 'awesom', 'product', 'carri', 'star', 'star', 'love', 'good', 'charger', 'charg', 'super', 'fast', 'complet', 'solid', 'product', 'hold', 'charg', 'long', 'time', 'charg', 'power', 'bank', 'huge', 'save', 'great', 'portabl', 'charger', 'great', 'purchas', 'high', 'recommend', 'love', 'price', 'work', 'great', 'product', 'great', 'valu', 'dont', 'leav', 'hous', 'great', 'charger', 'excel', 'product', 'charg', 'portabl', 'star', 'star', 'superb', 'devic', 'great', 'product', 'compani', 'amaz', 'love', 'fantast', 'stuff', 'work', 'perfect', 'iphon', 'like', 'notch', 'extern', 'batteri', 'star', 'star', 'star', 'star', 'great', 'product', 'better', 'seller', 'portabl', 'charger', 'great', 'camp', 'hike', 'priceless', 'conveni', 'best', 'spend', 'star', 'best', 'extern', 'pack', 'real', 'mccoy', 'star', 'good', 'product', 'worth', 'price', 'stylish', 'star', 'charg', 'edg', 'ipad', 'fast', 'power', 'leav', 'good', 'portabl', 'charger', 'use', 'star', 'great', 'travel', 'compact', 'accessori', 'star', 'love', 'star', 'alwayscharg', 'reliabl', 'great', 'charger', 'star', 'great', 'extern', 'batteri', 'excel', 'product', 'high', 'qualiti', 'kick', 'charg', 'month', 'usag', 'perman', 'item', 'carri', 'daili', 'great', 'power', 'extern', 'batteri', 'charger', 'high', 'qualiti', 'power', 'bank', 'work', 'month', 'good', 'batteri', 'pack', 'star', 'perfect', 'charger', 'good', 'iphon', 'love', 'nice', 'gadget', 'star', 'power', 'recommend', 'fulli', 'charg', 'time', 'absolut', 'perfect', 'best', 'portabl', 'charger', 'buy', 'awesom', 'portabl', 'power', 'quick', 'charg', 'star', 'star', 'best', 'purchas', 'great', 'product', 'charg', 'devic', 'quicker', 'good', 'love', 'power', 'bank', 'batteri', 'serious', 'long', 'amaz', 'power', 'star', 'work', 'great', 'happi', 'electron', 'purchas', 'good', 'wonder', 'purs', 'unexpect', 'emerg', 'ravpow', 'star', 'versatil', 'power', 'sourc', 'live', 'good', 'power', 'star', 'gift', 'star', 'star', 'updat', 'work', 'good', 'charg', 'faster', 'wall', 'charger', 'powerhous', 'devic', 'deliv', 'time', 'perfect', 'condit', 'ravpow', 'good', 'compani', 'star', 'star', 'good', 'charg', 'unit', 'love', 'charg', 'unit', 'thing', 'great', 'lot', 'power', 'charg', 'perfect', 'weekend', 'ravpow', 'charg', 'multipl', 'time', 'multipl', 'item', 'lot', 'power', 'hefti', 'packag', 'like', 'includ', 'cord', 'star', 'best', 'product', 'awesom', 'portabl', 'charger', 'star', 'great', 'star', 'thing', 'great', 'great', 'keep', 'phone', 'devic', 'charg', 'there', 'power', 'love', 'thing', 'good', 'good', 'star', 'star', 'time', 'delux', 'extern', 'batteri', 'pack', 'best', 'extern', 'batteri', 'pack', 'market', 'love', 'star', 'amaz', 'devic', 'need', 'charg', 'item', 'super', 'heavi', 'great', 'product', 'build', 'like', 'brick', 'great', 'custom', 'servic', 'star', 'good', 'product', 'compar', 'love', 'older', 'depend', 'order', 'newer', 'version', 'product', 'featur', 'sound', 'good', 'custom', 'servic', 'attent', 'huge', 'plus', 'type', 'product', 'good', 'month', 'star', 'best', 'heavi', 'duti', 'batteri', 'pack', 'good', 'product', 'great', 'work', 'best', 'star', 'star', 'superb', 'batteri', 'pack', 'heavier', 'think', 'charg', 'charg', 'star', 'solid', 'pack', 'good', 'price', 'star', 'work', 'super', 'fast', 'love', 'excel', 'backup', 'travel', 'item', 'great', 'charger', 'year', 'live', 'star', 'year', 'work', 'great', 'expect', 'star', 'product', 'think', 'worth', 'price', 'solid', 'qualiti', 'product', 'love', 'nice', 'product', 'excel', 'custom', 'servic', 'real', 'deal', 'review', 'updat', 'review', 'own', 'pretti', 'good', 'great', 'product', 'useless', 'warranti', 'honor', 'work', 'great', 'devic', 'port', 'stop', 'work', 'love', 'star', 'good', 'valu', 'build', 'solid', 'littl', 'heavi', 'beast', 'star', 'best', 'fast', 'ship', 'fast', 'charg', 'love', 'star', 'great', 'complaint', 'know', 'great', 'price', 'like', 'keep', 'great', 'portabl', 'batteri', 'charger', 'amaz', 'charger', 'keep', 'good', 'batteri', 'drainer', 'slow', 'recharg', 'batteri', 'great', 'longev', 'work', 'month', 'great', 'total', 'dead', 'year', 'star', 'great', 'unit', 'lot', 'charg', 'power', 'power', 'star', 'ravpow', 'batteri', 'good', 'power', 'distribut', 'super', 'charger', 'portabl', 'charger', 'need', 'fast', 'hold', 'charg', 'hold', 'charg', 'forev', 'great', 'portabl', 'power', 'pack', 'charg', 'mobil', 'devic', 'power', 'accessori', 'ravpow', 'portabl', 'charger', 'devic', 'real', 'lifesav', 'month', 'dead', 'perfect', 'charg', 'huge', 'capac', 'star', 'power', 'peopl', 'star', 'pay', 'wast', 'disappoint', 'return', 'look', 'thing', 'amaz', 'heavi', 'take', 'awhil', 'charg', 'solid', 'design', 'good', 'qualiti', 'great', 'bang', 'buck', 'power', 'bank', 'star', 'product', 'question', 'great', 'star', 'star', 'star', 'charg', 'thing', 'bone', 'star', 'great', 'charg', 'phone', 'ipad', 'juic', 'look', 'good', 'nice', 'qualiti', 'littl', 'bigger', 'expect', 'star', 'star', 'great', 'star', 'work', 'great', 'great', 'extra', 'power', 'sourc', 'extra', 'charg', 'power', 'good', 'star', 'nice', 'finish', 'product', 'star', 'star', 'perfect', 'great', 'power', 'bank', 'great', 'power', 'sourc', 'expens', 'great', 'batteri', 'pack', 'awesom', 'charger', 'star', 'star', 'work', 'great', 'work', 'recommend', 'fantast', 'batteri', 'pack', 'build', 'power', 'user', 'work', 'high', 'recommend', 'star', 'great', 'backup', 'batteri', 'iphon', 'awesom', 'reserv', 'storag', 'charger', 'great', 'product', 'star', 'hold', 'charg', 'great', 'lot', 'charg', 'recharg', 'glad', 'worth', 'price', 'travel', 'best', 'friend', 'star', 'need', 'power', 'look', 'capac', 'overst', 'good', 'portabl', 'charger', 'star', 'sooner', 'iphon', 'splus', 'littl', 'bulki', 'sure', 'purchas', 'product', 'year', 'great', 'end', 'ruin', 'purchas', 'work', 'great', 'batteri', 'charg', 'phone', 'star', 'batteri', 'backup', 'devic', 'sure', 'complet', 'satisfi', 'refund', 'star', 'advertis', 'happi', 'purchs', 'excel', 'star', 'great', 'work', 'great', 'good', 'stop', 'work', 'wonder', 'worth', 'awsom', 'super', 'power', 'fast', 'charg', 'star', 'power', 'charger', 'star', 'love', 'awesom', 'fact', 'favourit', 'charg', 'devic', 'simultan', 'work', 'advertis', 'great', 'product', 'power', 'charg', 'item', 'quick', 'ravpow', 'extern', 'batteri', 'work', 'good', 'power', 'power', 'power', 'star', 'great', 'batteri', 'long', 'charg', 'use', 'notic', 'caus', 'phone', 'discharg', 'pretti', 'rapid', 'shouldn', 'malfunct', 'travel', 'troubl', 'start', 'second', 'item', 'work', 'flawless', 'perfect', 'travel', 'charg', 'phone', 'super', 'fast', 'issu', 'great', 'charger', 'amaz', 'perfect', 'xtra', 'power', 'work', 'great', 'great', 'power', 'sourc', 'disadvantag', 'star', 'love', 'thing', 'life', 'saver', 'road', 'great', 'qualiti', 'product', 'star', 'great', 'product', 'great', 'extern', 'batteri', 'good', 'great', 'gift', 'great', 'product', 'stop', 'charg', 'reason', 'charg', 'anymor', 'star', 'review', 'best', 'price', 'say', 'galaxi', 'believ', 'purchas', 'cross', 'countri', 'trip', 'come', 'fabul', 'product', 'promis', 'good', 'size', 'good', 'valu', 'star', 'good', 'love', 'charg', 'fast', 'star', 'good', 'backup', 'power', 'star', 'star', 'nice', 'extern', 'batteri', 'pack', 'star', 'ravpow', 'favorit', 'anker', 'pretti', 'good', 'haven', 'charg', 'great', 'day', 'away', 'wall', 'plug', 'great', 'year', 'star', 'star', 'excel', 'batteri', 'worth', 'have', 'star', 'pleas', 'work', 'great', 'product', 'great', 'price', 'good', 'product', 'work', 'expect', 'pretti', 'decent', 'meshi', 'pouch', 'provid', 'carri', 'great', 'product', 'look', 'backup', 'batteri', 'work', 'great', 'port', 'break', 'soon', 'purchas', 'great', 'charger', 'star', 'star', 'great', 'littl', 'product', 'great', 'batteri', 'power', 'pack', 'devic', 'charger', 'love', 'batteri', 'pack', 'good', 'item', 'emerg', 'amaz', 'port', 'quick', 'handi', 'batteri', 'star', 'recommend', 'nice', 'product', 'ravpow', 'delux', 'extern', 'amaz', 'charger', 'excel', 'star', 'conveni', 'genui', 'worri', 'free', 'purchas', 'happi', 'buy', 'right', 'great', 'long', 'last', 'charg', 'advertis', 'great', 'product', 'work', 'better', 'advertis', 'includ', 'cabl', 'nice', 'feel', 'durabl', 'great', 'plan', 'compact', 'plenti', 'juic', 'work', 'great', 'pleas', 'star', 'ravpow', 'electron', 'devic', 'charg', 'hour', 'come', 'great', 'packag', 'star', 'work', 'advertis', 'good', 'carri', 'item', 'long', 'travel', 'perfect', 'unit', 'love', 'great', 'inexpens', 'batteri', 'pack', 'star', 'star', 'like', 'iphon', 'easi', 'carri', 'work', 'advertis', 'star', 'solid', 'power', 'bank', 'juic', 'fee', 'phone', 'great', 'charger', 'pack', 'power', 'small', 'packag', 'work', 'perfect', 'star', 'heavi', 'duti', 'good', 'qualiti', 'wild', 'excel', 'durabl', 'power', 'bank', 'slight', 'heavi', 'purs', 'right', 'simpl', 'function', 'conveni', 'star', 'star', 'great', 'charger', 'star', 'great', 'price', 'juic', 'great', 'come', 'handi', 'travel', 'sit', 'real', 'littl', 'recharg', 'last', 'month', 'kudo', 'ravpow', 'star', 'look', 'store', 'star', 'pretti', 'heavi', 'reccommend', 'travel', 'depend', 'star', 'nice', 'gadget', 'star', 'excel', 'price', 'good', 'travel', 'respect', 'compani', 'outstand', 'custom', 'servic', 'qualiti', 'product', 'back', 'warranti', 'look', 'pretti', 'solid', 'high', 'capac', 'batteri', 'pack', 'use', 'form', 'factor', 'star', 'awesom', 'batteri', 'love', 'charg', 'great', 'great', 'product', 'portabl', 'work', 'star', 'huge', 'capac', 'reliabl', 'compact', 'capac', 'button', 'press', 'automat', 'charg', 'great', 'power', 'brick', 'extrem', 'power', 'storag', 'attract', 'power', 'bank', 'twice', 'ravpow', 'make', 'life', 'easier', 'electron', 'high', 'recommend', 'purchas', 'portabl', 'power', 'bank', 'good', 'finish', 'good', 'function', 'good', 'portabl', 'power', 'suppli', 'sturdi', 'robust', 'reliabl', 'great', 'plenti', 'time', 'charg', 'nice', 'super', 'power', 'small', 'star', 'high', 'capac', 'good', 'qualiti', 'star', 'lot', 'juic', 'small', 'easi', 'travel', 'custom', 'servic', 'excel', 'major', 'purchas', 'high', 'recommend', 'anker', 'brand', 'portabl', 'charger', 'nice', 'look', 'charger', 'like', 'fact', 'use', 'excel', 'batteri', 'backup', 'portabl', 'devic', 'great', 'product', 'support', 'tell', 'work', 'great', 'recommend', 'especi', 'pokemon', 'star', 'star', 'star', 'cart', 'ravpow', 'best', 'batteri', 'best', 'amaz', 'best', 'reliabl', 'power', 'suppli', 'nice', 'charger', 'star', 'charg', 'phone', 'forev', 'tablet', 'pretti', 'good', 'charg', 'plug', 'stop', 'work', 'great', 'hike', 'trip', 'star', 'powerhous', 'nice', 'build', 'great', 'charg', 'need', 'run', 'power', 'star', 'star', 'star', 'love', 'excel', 'power', 'pack', 'overal', 'think', 'great', 'devic', 'great', 'custom', 'support', 'sure', 'extend', 'warranti', 'regret', 'purchas', 'star', 'work', 'great', 'hour', 'flight', 'take', 'trip', 'pleas', 'portabl', 'charger', 'rock', 'portabl', 'charger', 'work', 'awesom', 'great', 'servic', 'thing', 'awesom', 'easili', 'charg', 'iphon', 'dead', 'star', 'star', 'phone', 'laptop', 'extern', 'charger', 'home', 'offic', 'travel', 'love', 'charger', 'month', 'star', 'work', 'describ', 'come', 'star', 'good', 'work', 'great', 'glad', 'go', 'portabl', 'charger', 'great', 'backup', 'power', 'samsung', 'phone', 'tech', 'support', 'racpow', 'star', 'ravpow', 'portabl', 'charger', 'extern', 'charger', 'pretti', 'great', 'bulkier', 'heavier', 'expect', 'pretti', 'impress', 'need', 'love', 'charger', 'work', 'great', 'solid', 'product', 'love', 'thing', 'star', 'good', 'valu', 'absolut', 'love', 'brand', 'star', 'star', 'good', 'travel', 'companion', 'fulli', 'charg', 'high', 'recommend', 'product', 'disappoint', 'recommend', 'power', 'travel', 'confer', 'goer', 'perfect', 'accessori', 'smart', 'phone', 'fine', 'beast', 'batteri', 'super', 'powerpack', 'star', 'batteri', 'lot', 'reserv', 'power', 'perfect', 'charger', 'best', 'fast', 'recharg', 'recharg', 'time', 'love', 'lot', 'power', 'right', 'size', 'star', 'product', 'awesom', 'high', 'recommend', 'product', 'definit', 'recommend', 'guess', 'like', 'great', 'purchas', 'worth', 'hour', 'charg', 'time', 'star', 'need', 'month', 'good', 'product', 'littl', 'expens', 'page', 'great', 'power', 'bank', 'phone', 'tablet', 'excel', 'best', 'custom', 'servic', 'deal', 'seller', 'star', 'star', 'great', 'charger', 'amaz', 'star', 'great', 'valu', 'great', 'extern', 'charger', 'anker', 'gotta', 'like', 'anker', 'updat', 'great', 'product', 'compani', 'better', 'excel', 'batteri', 'life', 'charg', 'devic', 'great', 'great', 'power', 'charger', 'great', 'star', 'perfect', 'travel', 'star', 'unit', 'life', 'saver', 'special', 'travel', 'intern', 'star', 'ravpow', 'product', 'work', 'good', 'peopl', 'constant', 'star', 'star', 'great', 'product', 'frequent', 'travel', 'great', 'purchas', 'shelf', 'product', 'star', 'improv', 'versatil', 'ravpow', 'power', 'bank', 'like', 'extern', 'power', 'nice', 'great', 'good', 'truli', 'great', 'prduct', 'amaz', 'price', 'star', 'star', 'work', 'wonder', 'guess', 'need', 'break', 'great', 'charger', 'buy', 'trip', 'oversea', 'outstand', 'batteri', 'great', 'multipl', 'devic', 'come', 'handi', 'worth', 'weight', 'extra', 'charg', 'capac', 'good', 'star', 'grind', 'breaker', 'love', 'daili', 'essenti', 'tech', 'user', 'issu', 'favorit', 'charger', 'great', 'fulli', 'charg', 'forev', 'star', 'good', 'purchas', 'great', 'charger', 'hold', 'charg', 'day', 'excel', 'ton', 'power', 'star', 'heavi', 'duti', 'charger', 'good', 'stuff', 'best', 'bang', 'buck', 'recharg', 'see', 'work', 'great', 'custom', 'servic', 'work', 'star', 'reliabl', 'fast', 'charg', 'star', 'star', 'definit', 'great', 'purchas', 'happen', 'star', 'star', 'satisfi', 'star', 'good', 'star', 'pokemon', 'player', 'vacat', 'travel', 'power', 'star', 'power', 'bulki', 'truli', 'best', 'portabl', 'charger', 'best', 'order', 'differ', 'sale', 'come', 'charger', 'doesnt', 'work', 'good', 'product', 'use', 'need', 'great', 'thing', 'charger', 'fenc', 'awesom', 'fast', 'charg', 'time', 'charg', 'fine', 'product', 'recommend', 'work', 'great', 'charg', 'fast', 'star', 'tri', 'thorough', 'power', 'high', 'recommend', 'work', 'great', 'great', 'product', 'good', 'charg', 'time', 'happi', 'time', 'stop', 'take', 'super', 'product', 'excel', 'high', 'capac', 'portabl', 'batteri', 'pack', 'power', 'pokemon', 'star', 'afford', 'use', 'batteri', 'pack', 'work', 'need', 'great', 'product', 'great', 'price', 'work', 'expect', 'impress', 'charg', 'phone', 'fast', 'like', 'charg', 'comment', 'huge', 'like', 'charg', 'galaxi', 'king', 'portabl', 'batteri', 'charger', 'power', 'bank', 'swear', 'power', 'compact', 'high', 'recommend', 'star', 'good', 'beast', 'star', 'star', 'star', 'love', 'best', 'star', 'star', 'best', 'extern', 'charger', 'take', 'long', 'time', 'charg', 'love', 'ravpow', 'product', 'star', 'compact', 'solid', 'star', 'like', 'indic', 'nice', 'impress', 'great', 'charger', 'good', 'charger', 'awesom', 'backup', 'batteri', 'great', 'power', 'love', 'perfect', 'star', 'star', 'charg', 'iphon', 'minut', 'great', 'winner', 'power', 'portabl', 'nice', 'charger', 'go', 'unit', 'price', 'best', 'valu', 'love', 'high', 'star', 'hunt', 'sport', 'charger', 'great', 'product', 'great', 'price', 'star', 'great', 'custom', 'servic', 'exchang', 'defect', 'pack', 'work', 'great', 'star', 'batteri', 'pack', 'die', 'great', 'charger', 'high', 'recommend', 'like', 'charger', 'charg', 'necessari', 'great', 'star', 'star', 'great', 'charger', 'awesom', 'star', 'nice', 'talk', 'rapid', 'charg', 'best', 'thing', 'cellphon', 'tablet', 'give', 'charger', 'boyfriend', 'christma', 'work', 'month', 'work', 'great', 'near', 'perfect', 'product', 'star', 'wait', 'hour', 'fullfil', 'item', 'star', 'stop', 'work', 'month', 'work', 'pretti', 'describ', 'star', 'anker', 'charger', 'great', 'product', 'charg', 'fast', 'star', 'star', 'great', 'charger', 'great', 'product', 'need', 'buy', 'love', 'updat', 'impress', 'power', 'lumen', 'headlight', 'best', 'main', 'fulli', 'charg', 'devic', 'power', 'great', 'charger', 'star', 'star', 'good', 'devic', 'backpack', 'briefcas', 'nice', 'fantast', 'product', 'love', 'power', 'pack', 'great', 'portabl', 'mobil', 'devic', 'charger', 'tell', 'go', 'love', 'intern', 'travel', 'best', 'charg', 'product', 'avail', 'stay', 'light', 'time', 'awesom', 'decent', 'price', 'awesom', 'product', 'star', 'batteri', 'beast', 'ravpow', 'work', 'great', 'star', 'simpli', 'best', 'star', 'defin', 'great', 'pleas', 'stop', 'work', 'month', 'buy', 'cheaper', 'go', 'star', 'constant', 'check', 'lack', 'good', 'friction', 'port', 'difficulti', 'unit', 'stellar', 'custom', 'servic', 'replac', 'work', 'great', 'get', 'awsom', 'custom', 'servic', 'star', 'great', 'product', 'great', 'great', 'price', 'star', 'good', 'batteri', 'pack', 'last', 'star', 'star', 'work', 'long', 'huge', 'capac', 'great', 'product', 'littl', 'larg', 'worth', 'awesom', 'littl', 'batteri', 'pack', 'hand', 'best', 'star', 'star', 'stop', 'hold', 'charg', 'great', 'charger', 'qualiti', 'charger', 'great', 'price', 'want', 'good', 'portabl', 'charger', 'star', 'excel', 'purchas', 'excel', 'love', 'outstand', 'chgs', 'tablet', 'best', 'charger', 'camp', 'need', 'emerg', 'power', 'flashlight', 'cell', 'phone', 'devic', 'star', 'best', 'portabl', 'phone', 'charger', 'worth', 'penni', 'love', 'time', 'great', 'power', 'star', 'star', 'second', 'purchas', 'good', 'charger', 'work', 'great', 'paperweight', 'better', 'pocket', 'shirt', 'satisfi', 'david', 'goradz', 'durabl', 'reliabl', 'great', 'product', 'star', 'star', 'great', 'charger', 'awesom', 'manag', 'charg', 'great', 'flashlight', 'unnecessari', 'good', 'qualiti', 'long', 'need', 'lot', 'power', 'charger', 'star', 'star', 'aroo', 'handi', 'best', 'see', 'star', 'star', 'concern', 'batteri', 'warn', 'anymor', 'charg', 'quick', 'nice', 'unit', 'purchas', 'children', 'work', 'great', 'ipad', 'star', 'star', 'star', 'lot', 'juic', 'great', 'pokemon', 'great', 'product', 'star', 'solid', 'star', 'best', 'charg', 'buy', 'amaz', 'flawless', 'star', 'star', 'star', 'worri', 'run', 'power', 'year', 'stop', 'work', 'star', 'like', 'power', 'star', 'star', 'star', 'star', 'star', 'star', 'portabl', 'charger', 'better', 'longer', 'final', 'use', 'portabl', 'charger', 'happi', 'purchas', 'star', 'star', 'great', 'product', 'kmashi', 'smartphon', 'tablet', 'great', 'power', 'backup', 'batteri', 'love', 'love', 'love', 'love', 'love', 'great', 'extern', 'charg', 'sour', 'star', 'star', 'littl', 'hold', 'multipl', 'charg', 'star', 'power', 'charger', 'heavi', 'mileag', 'vari', 'star', 'best', 'larg', 'capac', 'portabl', 'batteri', 'pack', 'avail', 'excel', 'like', 'thing', 'like', 'plenti', 'power', 'need', 'clean', 'simpl']"
    },
    "6": {
        "Topic_Num": 6.0,
        "Topic_Perc_Contrib": 0.6323000192642212,
        "Review_Keywords": "imag, video, class, https, halo, block, hide, input, grandson, space",
        "Original review": "['video', 'block', 'uclxeprx', 'class', 'section', 'space', 'small', 'space', 'mini', 'video', 'block', 'input', 'type', 'hide', 'valu', 'https', 'imag', 'imag', 'seller', 'imag', 'sxnhjs', 'class', 'video', 'input', 'type', 'hide', 'valu', 'https', 'imag', 'imag', 'seller', 'imag', 'xqwcas', 'class', 'video', 'slate', 'nbsp', 'love', 'case', 'keep', 'slim', 'great', 'silver', 'case', 'caseform', 'galaxi', 'edg', 'case', 'look', 'star', 'llike', 'need', 'case', 'kickstand', 'want', 'spend', 'go', 'coupl', 'time', 'like']"
    },
    "7": {
        "Topic_Num": 7.0,
        "Topic_Perc_Contrib": 0.9162999987602234,
        "Review_Keywords": "screen, protector, glass, instal, easi, product, bubbl, appli, temper, edg",
        "Original review": "['love', 'temper', 'glass', 'screen', 'protector', 'order', 'time', 'work', 'fine', 'star', 'star', 'star', 'star', 'star', 'excel', 'screen', 'protector', 'amaz', 'lifelong', 'custom', 'product', 'star', 'star', 'wonder', 'glass', 'love', 'brand', 'star', 'star', 'great', 'glove', 'instal', 'work', 'like', 'gold', 'high', 'recommend', 'star', 'excel', 'item', 'exact', 'look', 'star', 'star', 'star', 'star', 'star', 'star', 'great', 'star', 'great', 'perfect', 'expect', 'star', 'star', 'great', 'love', 'good', 'pictu', 'perfect', 'shield', 'phone', 'screen', 'temper', 'glass', 'protector', 'terribl', 'tini', 'bubbl', 'disappear', 'glass', 'teeni', 'tini', 'smaller', 'phone', 'screen', 'fast', 'great', 'easi', 'look', 'felt', 'cheap', 'actual', 'attract', 'star', 'fit', 'great', 'galaxi', 'star', 'star', 'good', 'awesom', 'perfect', 'love', 'want', 'like', 'glass', 'protector', 'work', 'advertis', 'okay', 'product', 'hard', 'time', 'work', 'give', 'sens', 'great', 'glass', 'protect', 'invest', 'star', 'best', 'temper', 'glass', 'compani', 'stand', 'product', 'great', 'purchas', 'look', 'good', 'last', 'regret', 'love', 'exact', 'hop', 'perfect', 'star', 'star', 'protector', 'star', 'great', 'protect', 'star', 'mislead', 'good', 'product', 'nice', 'qusliti', 'doesnt', 'out', 'speaker', 'home', 'button', 'star', 'easi', 'instal', 'bubbl', 'hesit', 'easi', 'instal', 'great', 'prorect', 'look', 'awesom', 'lifesav', 'surviv', 'drop', 'great', 'product', 'star', 'good', 'item', 'star', 'high', 'recommend', 'screen', 'protector', 'durabl', 'absolut', 'prevent', 'year', 'screen', 'protector', 'work', 'great', 'star', 'great', 'product', 'great', 'price', 'star', 'star', 'glad', 'purchas', 'seller', 'star', 'cheap', 'china', 'glass', 'clear', 'bubbl', 'smooth', 'silk', 'averag', 'product', 'chart', 'packag', 'star', 'smoooth', 'best', 'temper', 'glass', 'screen', 'protector', 'buy', 'great', 'compani', 'star', 'star', 'buy', 'price', 'retail', 'store', 'better', 'plastic', 'overlay', 'star', 'okay', 'great', 'better', 'rest', 'shape', 'proper', 'aerb', 'glass', 'screen', 'signific', 'better', 'high', 'recommend', 'qualiti', 'screen', 'protector', 'high', 'qualiti', 'easi', 'great', 'product', 'icarez', 'brand', 'work', 'buy', 'wife', 'star', 'star', 'love', 'great', 'glass', 'screen', 'protector', 'easi', 'appli', 'work', 'great', 'star', 'samsung', 'glass', 'screen', 'protect', 'phone', 'love', 'best', 'screen', 'protector', 'star', 'lose', 'temper', 'best', 'worth', 'price', 'star', 'better', 'expect', 'good', 'good', 'price', 'corner', 'wouldn', 'seal', 'star', 'star', 'star', 'star', 'describ', 'star', 'amaz', 'qualiti', 'star', 'excel', 'screen', 'protector', 'finger', 'print', 'good', 'high', 'recommend', 'samsung', 'star', 'love', 'easi', 'applic', 'easi', 'work', 'great', 'notch', 'stuff', 'right', 'perfect', 'tri', 'test', 'past', 'test', 'wonder', 'star', 'cell', 'phone', 'user', 'star', 'qualiti', 'weak', 'adhes', 'star', 'star', 'amaz', 'phone', 'thank', 'star', 'work', 'good', 'awesom', 'star', 'bullet', 'proof', 'qualiti', 'great', 'support', 'perfect', 'star', 'applic', 'product', 'easi', 'work', 'perfect', 'great', 'price', 'great', 'cover', 'star', 'vertic', 'equal', 'distinct', 'streak', 'wipe', 'away', 'come', 'right', 'star', 'star', 'order', 'mistak', 'super', 'easi', 'instal', 'star', 'great', 'screen', 'protector', 'star', 'star', 'high', 'recommend', 'best', 'screen', 'protector', 'star', 'definit', 'recommend', 'famili', 'friend', 'star', 'star', 'easi', 'applic', 'crystal', 'clear', 'perfect', 'fitment', 'star', 'say', 'high', 'qualiti', 'perfect', 'premium', 'feel', 'easi', 'instal', 'forgiv', 'mess', 'good', 'star', 'excel', 'protect', 'star', 'star', 'great', 'protector', 'satisfi', 'good', 'think', 'star', 'star', 'screen', 'protector', 'good', 'couldn', 'ask', 'work', 'star', 'great', 'cheap', 'plastic', 'one', 'ebay', 'easili', 'scratch', 'key', 'pocket', 'scuff', 'custom', 'servic', 'icarez', 'excel', 'love']"
    }
}